# Hand changes of the vendored eight-point code, applied by handfix.pl after the renaming of
# code/vendor/vendor.sh and before the Fin 8 generalization (probe_mix.pl apply). Columns:
# module, line of the upstream file (commit 50d14bc), the line as written there, its replacement
# (\n separates lines), the reason (the text of the marker line put before the replacement).
ContactCycleEmbedding	95	    (hY : IsConfiguration Y) (hc : c ∈ Set.Ioo (0 : ℝ) 1) (hcupper : c ≤ aInf)	    (hY : IsConfiguration Y) (hc : c ∈ Set.Ioo (0 : ℝ) 1) (hconn : ContactTwoConnected Y c)	the face chain takes the two-connectivity of the contacts (ContactTwoConnected) instead of c ≤ aInf, the only use it made of that bound
ContactCycleEmbedding	110	  obtain ⟨C, hv, ha', hb'⟩ := simple_contact_cycle_through_neighbors Y c hY.1 hc.1 hcupper	  obtain ⟨C, hv, ha', hb'⟩ := simple_contact_cycle_through_neighbors Y c hY.1 hc.1 hconn	passes ContactTwoConnected instead of c ≤ aInf
CycleVertexSeparation	114	    (hY : IsConfiguration Y) (hc : c ∈ Set.Ioo (0 : ℝ) 1) (hcupper : c ≤ aInf)	    (hY : IsConfiguration Y) (hc : c ∈ Set.Ioo (0 : ℝ) 1) (hconn : ContactTwoConnected Y c)	the face chain takes the two-connectivity of the contacts (ContactTwoConnected) instead of c ≤ aInf, the only use it made of that bound
CycleVertexSeparation	129	  obtain ⟨C, hv, ha', hb'⟩ := simple_contact_cycle_through_neighbors Y c hY.1 hc.1 hcupper	  obtain ⟨C, hv, ha', hb'⟩ := simple_contact_cycle_through_neighbors Y c hY.1 hc.1 hconn	passes ContactTwoConnected instead of c ≤ aInf
ContactVertexFaceModel	14	    (hY : IsConfiguration Y) (hc : c ∈ Set.Ioo (0 : ℝ) 1) (hcupper : c ≤ aInf)	    (hY : IsConfiguration Y) (hc : c ∈ Set.Ioo (0 : ℝ) 1) (hconn : ContactTwoConnected Y c)	the face chain takes the two-connectivity of the contacts (ContactTwoConnected) instead of c ≤ aInf, the only use it made of that bound
ContactVertexFaceModel	32	  have hseps (a : ContactNeighbor Y c v) := contact_vertex_sector_separation Y c hY hc hcupper	  have hseps (a : ContactNeighbor Y c v) := contact_vertex_sector_separation Y c hY hc hconn	passes ContactTwoConnected instead of c ≤ aInf
ContactEdgeFaceModel	56	    (hY : IsConfiguration Y) (hc : c ∈ Set.Ioo (0 : ℝ) 1) (hcupper : c ≤ aInf)	    (hY : IsConfiguration Y) (hc : c ∈ Set.Ioo (0 : ℝ) 1) (hconn : ContactTwoConnected Y c)	the face chain takes the two-connectivity of the contacts (ContactTwoConnected) instead of c ≤ aInf, the only use it made of that bound
ContactEdgeFaceModel	66	  obtain ⟨U₂, hU₂, hp₂, hsep⟩ := contact_edge_sides_not_joined Y c hY hc hcupper hbound hirr v a ha p hpu hpedge	  obtain ⟨U₂, hU₂, hp₂, hsep⟩ := contact_edge_sides_not_joined Y c hY hc hconn hbound hirr v a ha p hpu hpedge	passes ContactTwoConnected instead of c ≤ aInf
ContactFaceLocalModels	64	    (hY : IsConfiguration Y) (hc : c ∈ Set.Ioo (0 : ℝ) 1) (hcupper : c ≤ aInf)	    (hY : IsConfiguration Y) (hc : c ∈ Set.Ioo (0 : ℝ) 1) (hconn : ContactTwoConnected Y c)	the face chain takes the two-connectivity of the contacts (ContactTwoConnected) instead of c ≤ aInf, the only use it made of that bound
ContactFaceLocalModels	80	      · obtain ⟨a, δ, hδ, hm⟩ := contactFaceRegion_model_at_nonisolated_vertex Y c hY hc hcupper	      · obtain ⟨a, δ, hδ, hm⟩ := contactFaceRegion_model_at_nonisolated_vertex Y c hY hc hconn	passes ContactTwoConnected instead of c ≤ aInf
ContactFaceLocalModels	100	    · obtain ⟨n, hn, δ, hδ, hm⟩ := contactFaceRegion_model_at_edge Y c hY hc hcupper hbound hirr	    · obtain ⟨n, hn, δ, hδ, hm⟩ := contactFaceRegion_model_at_edge Y c hY hc hconn hbound hirr	passes ContactTwoConnected instead of c ≤ aInf
ContactFaceLocalModels	114	    (hY : IsConfiguration Y) (hc : c ∈ Set.Ioo (0 : ℝ) 1) (hcupper : c ≤ aInf)	    (hY : IsConfiguration Y) (hc : c ∈ Set.Ioo (0 : ℝ) 1) (hconn : ContactTwoConnected Y c)	the face chain takes the two-connectivity of the contacts (ContactTwoConnected) instead of c ≤ aInf, the only use it made of that bound
ContactFaceLocalModels	121	    (contactFaceRegion_locally_spherical_polyhedral Y c hY hc hcupper hbound hirr base)	    (contactFaceRegion_locally_spherical_polyhedral Y c hY hc hconn hbound hirr base)	passes ContactTwoConnected instead of c ≤ aInf
FaceEdgePropagation	18	    (hY : IsConfiguration Y) (hc : c ∈ Set.Ioo (0 : ℝ) 1) (hcupper : c ≤ aInf)	    (hY : IsConfiguration Y) (hc : c ∈ Set.Ioo (0 : ℝ) 1) (hconn : ContactTwoConnected Y c)	the face chain takes the two-connectivity of the contacts (ContactTwoConnected) instead of c ≤ aInf, the only use it made of that bound
FaceEdgePropagation	34	    obtain ⟨n, hn, δ, hδ, hm⟩ := contactFaceRegion_model_at_edge Y c hY hc hcupper hbound hirr	    obtain ⟨n, hn, δ, hδ, hm⟩ := contactFaceRegion_model_at_edge Y c hY hc hconn hbound hirr	passes ContactTwoConnected instead of c ≤ aInf
FaceDartPropagation	48	    (hY : IsConfiguration Y) (hc : c ∈ Set.Ioo (0 : ℝ) 1) (hcupper : c ≤ aInf)	    (hY : IsConfiguration Y) (hc : c ∈ Set.Ioo (0 : ℝ) 1) (hconn : ContactTwoConnected Y c)	the face chain takes the two-connectivity of the contacts (ContactTwoConnected) instead of c ≤ aInf, the only use it made of that bound
FaceDartPropagation	59	  have hconv : ShortArcClosed D := contactFaceRegion_shortArcClosed Y c hY hc hcupper hbound hirr base hbase hbaseG	  have hconv : ShortArcClosed D := contactFaceRegion_shortArcClosed Y c hY hc hconn hbound hirr base hbase hbaseG	passes ContactTwoConnected instead of c ≤ aInf
FaceDartPropagation	70	  obtain ⟨u, δ, hδ, hm⟩ := contactFaceRegion_model_at_nonisolated_vertex Y c hY hc hcupper	  obtain ⟨u, δ, hδ, hm⟩ := contactFaceRegion_model_at_nonisolated_vertex Y c hY hc hconn	passes ContactTwoConnected instead of c ≤ aInf
FaceDartPropagation	134	  have hedge := contact_edge_in_face_of_interior Y c hY hc hcupper hbound hirr base v u	  have hedge := contact_edge_in_face_of_interior Y c hY hc hconn hbound hirr base v u	passes ContactTwoConnected instead of c ≤ aInf
InitialSupportingFace	12	    (hY : IsConfiguration Y) (hc : c ∈ Set.Ioo (0 : ℝ) 1) (hcupper : c ≤ aInf)	    (hY : IsConfiguration Y) (hc : c ∈ Set.Ioo (0 : ℝ) 1) (hconn : ContactTwoConnected Y c)	the face chain takes the two-connectivity of the contacts (ContactTwoConnected) instead of c ≤ aInf, the only use it made of that bound
InitialSupportingFace	28	  obtain ⟨U₂, hU₂, hp₂, hsep⟩ := contact_edge_sides_not_joined Y c hY hc hcupper hbound hirr v a hadj p hpu hpedge	  obtain ⟨U₂, hU₂, hp₂, hsep⟩ := contact_edge_sides_not_joined Y c hY hc hconn hbound hirr v a hadj p hpu hpedge	passes ContactTwoConnected instead of c ≤ aInf
InitialSupportingFace	57	    (contactFaceRegion_shortArcClosed Y c hY hc hcupper hbound hirr base hbu hbG)	    (contactFaceRegion_shortArcClosed Y c hY hc hconn hbound hirr base hbu hbG)	passes ContactTwoConnected instead of c ≤ aInf
InitialSupportingFace	60	  exact contact_edge_in_face_of_interior Y c hY hc hcupper hbound hirr base v a hadj p hpD hpedge	  exact contact_edge_in_face_of_interior Y c hY hc hconn hbound hirr base v a hadj p hpD hpedge	passes ContactTwoConnected instead of c ≤ aInf
BoundaryFaceSupport	13	    (C : ContactBoundaryCycle Y c hY hc) (hcupper : c ≤ aInf)	    (C : ContactBoundaryCycle Y c hY hc) (hconn : ContactTwoConnected Y c)	the face chain takes the two-connectivity of the contacts (ContactTwoConnected) instead of c ≤ aInf, the only use it made of that bound
BoundaryFaceSupport	15	  obtain ⟨base, hbase, hbaseG, hinitial⟩ := initial_supporting_face Y c hY hc hcupper hbound hirr (C.point 0)	  obtain ⟨base, hbase, hbaseG, hinitial⟩ := initial_supporting_face Y c hY hc hconn hbound hirr (C.point 0)	passes ContactTwoConnected instead of c ≤ aInf
BoundaryFaceSupport	21	      have hh := face_supports_next_dart Y c hY hc hcupper hbound hirr base hbase hbaseG	      have hh := face_supports_next_dart Y c hY hc hconn hbound hirr base hbase hbaseG	passes ContactTwoConnected instead of c ≤ aInf
ContactSimpleCycles	85	    (hY : ∀ i, ‖Y i‖ = 1) (hc : 0 < c) (hcupper : c ≤ aInf)	    (hY : ∀ i, ‖Y i‖ = 1) (hc : 0 < c) (hconn : ContactTwoConnected Y c)	the face chain takes the two-connectivity of the contacts (ContactTwoConnected) instead of c ≤ aInf, the only use it made of that bound
ContactComponents	160		\n/-- The conclusion of `irreducible_component_two_connected` as a property of `Y` and `c`: deleting\nany one vertex leaves every nontrivial contact component connected. The face chain below uses\nonly this of the bound `c ≤ aInf`, so that it holds for every number of points. -/\ndef ContactTwoConnected (Y : Fin 8 → ℝ³) (c : ℝ) : Prop :=\n  ∀ root : Fin 8, (∃ k, ContactAdj Y c root k) → ∀ v i j : Fin 8,\n    i ∈ contactComponent Y c root → j ∈ contactComponent Y c root → i ≠ v → j ≠ v →\n    ContactReachableWithout Y c v i j\n\ntheorem contactTwoConnected_of_aInf (Y : Fin 8 → ℝ³) (c : ℝ) (hY : ∀ i, ‖Y i‖ = 1) (hc : 0 < c)\n    (hcupper : c ≤ aInf) (hirr : PackingIrreducible c Y) : ContactTwoConnected Y c :=\n  fun root hroot v i j hi hj hiv hjv =>\n    irreducible_component_two_connected Y c hY hc hcupper hirr root hroot v i j hi hj hiv hjv\n	ContactTwoConnected, the hypothesis the face chain takes instead of c ≤ aInf, and its proof for eight points
ContactSimpleCycles	92	  have hreach := irreducible_component_two_connected Y c hY hc hcupper hirr v ⟨a, ha⟩	  have hreach := hconn v ⟨a, ha⟩	the two-connectivity comes from ContactTwoConnected instead of irreducible_component_two_connected
BoundaryFaceSupport	45	  exact C.strict_support_of_weak_support hirr hbound (C.weak_support_from_actual_face hcupper hbound hirr)	  exact C.strict_support_of_weak_support hirr hbound\n    (C.weak_support_from_actual_face (contactTwoConnected_of_aInf Y c hY.1 hc.1 hcupper hirr) hbound hirr)	the eight-point case supplies ContactTwoConnected from c ≤ aInf
BoundaryPolygons	31	lemma length_le_eight_of_support (C : ContactBoundaryCycle Y c hY hc)	lemma length_le_eight_of_support {Y : Fin 8 → ℝ³} {c : ℝ} {hY : IsConfiguration Y}\n    {hc : c ∈ Set.Ioo (0 : ℝ) 1} (C : ContactBoundaryCycle Y c hY hc)	the bound 8 is the number of points: this lemma binds the variables of the section itself at `Fin 8` (same type as before), so that the section variables and `StrictSupport` can be generalized
